,mean,median
g10377,0.0662841796875,0.0059814453125
g10379,,
g10455,0.024869791666666665,0.015625
g10457,0.025732421875,0.014892578125
g10459,0.03224400111607143,0.0157470703125
g10461,,
g10463,0.033772786458333336,0.0235595703125
g10465,0.07480875651041667,0.0203857421875
g10628,0.07205477627840909,0.0081787109375
g10801,0.02922453703703704,0.000732421875
g11163,0.0017632378472222222,0.000732421875
g11206,0.0763671875,0.006591796875
g11489,,
g1957,,
g2355,1.0,1.0
g2601,,
g2602,,
g2603,,
g2604,,
g2605,,
g2606,,
g2607,,
g2608,,
g2609,,
g2610,,
g2611,,
g2612,,
g2648,,
g2986,,
g3007,,
g3069,,
g3327,1.0,1.0
g4171,1.0,1.0
g4172,,
g4173,,
g4174,,
g4175,,
g4176,,
g4177,,
g4178,,
g4179,,
g4180,,
g4181,,
g4191,1.0,1.0
g4192,1.0,1.0
g4193,1.0,1.0
g4194,1.0,1.0
g4195,1.0,1.0
g4196,1.0,1.0
g4197,1.0,1.0
g4198,1.0,1.0
g4199,1.0,1.0
g4200,1.0,1.0
g4201,1.0,1.0
g4202,1.0,1.0
g4203,1.0,1.0
g4204,1.0,1.0
g4205,1.0,1.0
g4206,1.0,1.0
g4207,0.58984375,0.511474609375
g4208,1.0,1.0
g4209,1.0,1.0
g4210,1.0,1.0
g4211,1.0,1.0
g4212,1.0,1.0
g4213,1.0,1.0
g4214,1.0,1.0
g4215,1.0,1.0
g4216,1.0,1.0
g4887,1.0,1.0
g4888,1.0,1.0
g5101,1.0,1.0
g5105,1.0,1.0
g5658,0.244873046875,0.24609375
g5659,0.25390625,0.256591796875
g5816,,
g6253,1.0,1.0
g6254,1.0,1.0
g6255,1.0,1.0
g6256,1.0,1.0
g6257,1.0,1.0
g6258,1.0,1.0
g6259,1.0,1.0
g6260,1.0,1.0
g6261,1.0,1.0
g6262,1.0,1.0
g6263,1.0,1.0
g6264,1.0,1.0
g6265,1.0,1.0
g6266,1.0,1.0
g6267,1.0,1.0
g6268,1.0,1.0
g6269,1.0,1.0
g6270,1.0,1.0
g6271,1.0,1.0
g6272,1.0,1.0
g6273,1.0,1.0
g6274,1.0,1.0
g6275,1.0,1.0
g6276,1.0,1.0
g6277,1.0,1.0
g6278,1.0,1.0
g6279,1.0,1.0
g6280,1.0,1.0
g6281,1.0,1.0
g6282,1.0,1.0
g6283,1.0,1.0
g6284,1.0,1.0
g6285,1.0,1.0
g6842,0.5025634765625,0.5025634765625
g7744,1.0,1.0
g8061,1.0,1.0
g8062,1.0,1.0
g8313,1.0,1.0
g8316,1.0,1.0
g8318,1.0,1.0
g8323,1.0,1.0
g8328,1.0,1.0
g8331,1.0,1.0
g8335,1.0,1.0
g8340,1.0,1.0
g8347,1.0,1.0
g8349,1.0,1.0
g8352,1.0,1.0
g8561,,
g8562,,
g8563,,
g8564,,
g8565,,
g8566,,
g8976,,
g8977,,
g8978,,
g8979,,
g8980,,
g8981,,
g8982,,
g8983,,
g8985,,
g8986,,
g9451,0.2559407552083333,0.25390625
test_so1,,
test_so2,,
test_so3,,
test_so4,,
test_so5,,
test_so6,,
test_so7,,
test_so8,,
test_so9,,
test_so10,,
N599,,
g1289,,
g1882,,
g312,,
g452,,
g11257,,
g123,,
g207,,
g713,,
g1153,,
g1744,,
g1558,,
g695,,
g461,,
g940,,
g976,,
g709,,
g8432,,
g1092,,
g1574,,
g1864,,
g369,,
g1580,,
g1736,,
g1424,,
g1737,,
g1672,,
g1077,,
g1231,,
g4,,
g1104,,
g1304,,
g7290,0.4949951171875,0.4949951171875
g243,,
g1499,,
g1444,,
g1543,,
g315,,
g1534,,
g622,,
g1927,,
g1660,,
g278,,
g1436,,
g718,,
g8433,,
g554,,
g496,,
g11333,,
g981,,
g829,,
g1095,,
g704,,
g1265,,
g7302,0.4949951171875,0.4949951171875
g1786,,
g682,,
g8429,,
g1296,,
g7292,0.4949951171875,0.4949951171875
g327,,
g1389,,
g1371,,
g1956,,
g1955,,
g1675,,
g354,,
g113,,
g639,,
g1684,,
g1639,,
g1791,,
g248,,
g1707,,
g1759,,
g351,,
g1604,,
g1098,,
g932,,
g1896,,
g8282,,
g736,,
g8435,,
g1019,,
g745,,
g1419,,
g32,,
g1086,,
g1486,,
g1730,,
g1504,,
g1470,,
g822,,
g1678,,
g174,,
g1766,,
g1801,,
g186,,
g959,,
g1407,,
g1868,,
g1718,,
g396,,
g11265,,
g1015,,
g1415,,
g1227,,
g1721,,
g284,,
g426,,
g11256,,
g219,,
g1360,,
g806,,
g1428,,
g1564,,
g1741,,
g225,,
g281,,
g1308,,
g611,,
g1217,,
g1589,,
g1466,,
g1571,,
g1861,,
g1448,,
g1133,,
g1333,,
g153,,
g962,,
g486,,
g11331,,
g471,,
g1397,,
g1950,,
g8288,,
g756,,
g755,,
g1101,,
g549,,
g105,,
g1669,,
g1531,,
g1458,,
g572,,
g1011,,
g1411,,
g1074,,
g444,,
g11259,,
g1474,,
g1080,,
g1713,,
g333,,
g269,,
g401,,
g11266,,
g1857,,
g9,,
g664,,
g965,,
g1400,,
g309,,
g814,,
g231,,
g557,,
g869,,
g875,,
g1383,,
g158,,
g627,,
g1023,,
g259,,
g1327,,
g654,,
g293,,
g1346,,
g1633,,
g1753,,
g1508,,
g1240,,
g7297,0.4949951171875,0.4949951171875
g538,,
g11326,,
g416,,
g11269,,
g542,,
g11325,,
g1681,,
g374,,
g563,,
g1914,,
g8284,,
g530,,
g11328,,
g575,,
g1936,,
g1317,,
g1356,,
g357,,
g386,,
g11263,,
g1601,,
g166,,
g501,,
g11334,,
g262,,
g1840,,
g318,,
g794,,
g302,,
g342,,
g1250,,
g7299,0.4949951171875,0.4949951171875
g1163,,
g1032,,
g1432,,
g1453,,
g363,,
g330,,
g1157,,
g928,,
g261,,
g516,,
g11337,,
g254,,
g861,,
g1627,,
g1292,,
g7293,0.4949951171875,0.4949951171875
g290,,
g1583,,
g466,,
g1561,,
g1546,,
g287,,
g560,,
g617,,
g336,,
g456,,
g305,,
g345,,
g8,,
g255,,
g1945,,
g1738,,
g1478,,
g1690,,
g1482,,
g1110,,
g296,,
g1663,,
g700,,
g8431,,
g1762,,
g360,,
g192,,
g1657,,
g722,,
g566,,
g1089,,
g1071,,
g986,,
g971,,
g143,,
g1814,,
g1212,,
g1918,,
g1822,,
g237,,
g746,,
g1462,,
g178,,
g366,,
g837,,
g599,,
g1854,,
g944,,
g1941,,
g8287,,
g170,,
g1520,,
g686,,
g953,,
g1958,,
g1765,,
g1733,,
g7303,0.4949951171875,0.4949951171875
g1610,,
g1796,,
g1324,,
g1540,,
g491,,
g11332,,
g213,,
g1781,,
g1900,,
g1245,,
g7298,0.4949951171875,0.4949951171875
g148,,
g833,,
g1923,,
g8285,,
g936,,
g1314,,
g849,,
g1336,,
g272,,
g1806,,
g826,,
g1887,,
g8281,,
g968,,
g1137,,
g1891,,
g1255,,
g7300,0.4949951171875,0.4949951171875
g257,,
g874,,
g591,,
g731,,
g636,,
g1218,,
g605,,
g182,,
g950,,
g1129,,
g857,,
g448,,
g11258,,
g1828,,
g1727,,
g1592,,
g1703,,
g1932,,
g8286,,
g1624,,
g440,,
g11260,,
g476,,
g11338,,
g119,,
g668,,
g139,,
g1149,,
g263,,
g818,,
g1747,,
g802,,
g275,,
g1524,,
g1577,,
g810,,
g391,,
g11264,,
g658,,
g1386,,
g253,,
g1125,,
g201,,
g1280,,
g7295,0.4949951171875,0.4949951171875
g1083,,
g650,,
g1636,,
g853,,
g421,,
g11270,,
g956,,
g378,,
g1756,,
g841,,
g1027,,
g1003,,
g1403,,
g1145,,
g1107,,
g1223,,
g406,,
g11267,,
g1811,,
g1654,,
g197,,
g1595,,
g1537,,
g727,,
g8434,,
g798,,
g481,,
g11324,,
g1330,,
g845,,
g1512,,
g1490,,
g1166,,
g348,,
g1260,,
g7301,0.4949951171875,0.4949951171875
g260,,
g131,,
g258,,
g521,,
g11330,,
g1318,,
g1872,,
g677,,
g1549,,
g947,,
g1834,,
g1598,,
g1121,,
g1321,,
g506,,
g11335,,
g546,,
g1909,,
g1552,,
g1687,,
g1586,,
g324,,
g1141,,
g1341,,
g1710,,
g135,,
g525,,
g11329,,
g1607,,
g321,,
g1275,,
g11443,0.4949951171875,0.4949951171875
g1615,,
g382,,
g266,,
g1284,,
g7294,0.4949951171875,0.4949951171875
g673,,
g8428,,
g162,,
g411,,
g11268,,
g431,,
g11262,,
g1905,,
g8283,,
g1515,,
g1630,,
g991,,
g1300,,
g7291,0.4949951171875,0.4949951171875
g339,,
g256,,
g1750,,
g1440,,
g1666,,
g1528,,
g1351,,
g127,,
g1618,,
g1235,,
g7296,0.4949951171875,0.4949951171875
g299,,
g435,,
g11261,,
g1555,,
g995,,
g1621,,
g643,,
g1494,,
g1567,,
g691,,
g8430,,
g534,,
g11327,,
g1776,,
g569,,
g1160,,
g1,,
g511,,
g11336,,
g1724,,
g12,,
g1878,,
g4500,,
g5529,1.0,1.0
g4338,1.0,1.0
g8147,1.0,1.0
g6551,,
g10865,,
g8054,1.0,1.0
g7709,1.0,1.0
g4940,1.0,1.0
g6481,,
g6529,,
g10707,,
g6949,,
g8940,,
g10855,,
g6920,,
g6907,,
g6155,1.0,1.0
g6638,,
g11647,,
g6910,,
g6828,1.0,1.0
g10800,,
g8019,1.0,1.0
g6821,1.0,1.0
g11478,,
g6516,,
g8244,1.0,1.0
g8631,,
g10793,,
g5910,,
g2478,,
g10726,0.10471413352272728,0.02685546875
g6824,1.0,1.0
g9961,0.2559407552083333,0.25390625
g6759,1.0,1.0
g6502,,
g10797,,
g4471,1.0,1.0
g10780,,
g11625,,
g11372,1.0,1.0
g10771,,
g11293,,
g8173,,
g6533,,
g8245,1.0,1.0
g10767,,
g6000,,
g4490,1.0,1.0
g4903,,
g10720,0.09162248883928571,0.02880859375
g6934,,
g6123,1.0,1.0
g6838,1.0,1.0
g4905,,
g10798,,
g10785,,
g7204,,
g6830,1.0,1.0
g8944,,
g5543,1.0,1.0
g8921,,
g6096,,
g6942,,
g6733,1.0,1.0
g6823,1.0,1.0
g4890,,
g3381,,
g10863,,
g8039,1.0,1.0
g6526,,
g10664,0.10455877130681818,0.028076171875
g7189,,
g8923,,
g5173,1.0,1.0
g4264,,
g6755,,
g11514,1.0,1.0
g4506,1.0,1.0
g4465,1.0,1.0
g6902,,
g6015,,
g11340,1.0,1.0
g6542,,
g6507,,
g5556,,
g8505,1.0,1.0
g11641,1.0,1.0
g10765,,
g11305,,
g6126,1.0,1.0
g8060,1.0,1.0
g7191,1.0,1.0
g6469,,
g4498,1.0,1.0
g6627,,
g4893,,
g5194,1.0,1.0
g6901,,
g8043,1.0,1.0
g6929,,
g8049,1.0,1.0
g6786,1.0,1.0
g6234,1.0,1.0
g10864,,
g8984,,
g10862,,
g10721,0.10105543870192307,0.034423828125
g8051,1.0,1.0
g6541,,
g10773,,
g8193,,
g6523,,
g5404,,
g11393,1.0,1.0
g4334,1.0,1.0
g6908,,
g8768,1.0,1.0
g8885,,
g6333,1.0,1.0
g6045,,
g7590,1.0,1.0
g6468,,
g10782,,
g6672,,
g6840,1.0,1.0
g5914,,
g7705,1.0,1.0
g6038,,
g6471,,
g11303,,
g10663,0.009255149147727272,0.010498046875
g8920,,
g4283,,
g4484,1.0,1.0
g5396,,
g8045,1.0,1.0
g7843,1.0,1.0
g6932,,
g6537,,
g4902,,
g6080,,
g6059,,
g4089,1.0,1.0
g5126,1.0,1.0
g10866,,
g11603,,
g6332,1.0,1.0
g4231,,
g11488,,
g6955,,
g5918,0.4962158203125,0.4962158203125
g6894,,
g4076,1.0,1.0
g6534,,
g6928,,
g6926,,
g8055,1.0,1.0
g11291,1.0,1.0
g6833,1.0,1.0
g6918,,
g6915,,
g6911,,
g7441,,
g5996,,
g8047,1.0,1.0
g6653,,
g6832,1.0,1.0
g11481,,
g6478,,
g6897,,
g6042,,
g4342,1.0,1.0
g4330,1.0,1.0
g11609,,
g10859,,
g6054,,
g6508,,
g6531,,
g8050,1.0,1.0
g11376,1.0,1.0
g8559,,
g7032,0.4962158203125,0.4962158203125
g4293,,
g5390,1.0,1.0
g8767,1.0,1.0
g4480,1.0,1.0
g11483,,
g5392,1.0,1.0
g10776,,
g6513,,
g9272,1.0,1.0
g10898,,
g8052,1.0,1.0
g4325,1.0,1.0
g8766,1.0,1.0
g6205,1.0,1.0
g8820,,
g9124,1.0,1.0
g6839,1.0,1.0
g6522,,
g10936,,
g11320,1.0,1.0
g6841,1.0,1.0
g8769,1.0,1.0
g6224,1.0,1.0
g11349,1.0,1.0
g6470,,
g5755,1.0,1.0
g6515,,
g10791,,
g7632,1.0,1.0
g11485,,
g6331,1.0,1.0
g8053,1.0,1.0
g5763,1.0,1.0
g6480,,
g6795,,
g8194,,
g8938,,
g4238,,
g8775,1.0,1.0
g4891,,
g11290,1.0,1.0
g6501,,
g6334,1.0,1.0
g10719,0.08970424107142858,0.0281982421875
g4274,,
g8765,1.0,1.0
g6916,,
g11308,,
g10784,,
g6820,1.0,1.0
g4340,1.0,1.0
g6922,,
g6747,1.0,1.0
g11391,1.0,1.0
g8649,,
g9555,1.0,1.0
g6071,,
g10858,,
g8926,,
g4239,,
g11602,,
g8041,1.0,1.0
g8922,,
g5536,1.0,1.0
g11605,,
g8048,1.0,1.0
g6528,,
g6524,,
g7219,,
g8046,1.0,1.0
g11482,,
g4477,1.0,1.0
g6923,,
g4255,,
g8937,,
g6538,,
g11306,,
g7183,,
g6895,,
g6179,1.0,1.0
g9721,1.0,1.0
g8776,,
g6827,1.0,1.0
g4309,,
g7244,,
g7586,1.0,1.0
g7930,,
g11300,,
g10718,,
g5445,0.4962158203125,0.4962158203125
g6088,,
g6679,0.4962158203125,0.4962158203125
g11636,1.0,1.0
g9266,1.0,1.0
g11608,,
g8059,1.0,1.0
g8771,,
g6035,,
g6198,1.0,1.0
g8973,,
g6834,1.0,1.0
g5148,1.0,1.0
g7134,,
g10795,,
g10770,,
g8773,,
g3462,,
g7143,,
g8939,,
g8772,1.0,1.0
g6093,,
g6500,,
g8777,,
g6244,1.0,1.0
g11640,1.0,1.0
g11487,,
g9110,1.0,1.0
g11380,1.0,1.0
g9269,1.0,1.0
g11314,,
g9150,1.0,1.0
g11298,,
g7202,1.0,1.0
g6819,1.0,1.0
g6243,1.0,1.0
g6514,,
g6983,,
g4473,1.0,1.0
g8040,1.0,1.0
g6900,,
g8042,1.0,1.0
g6546,,
g5770,1.0,1.0
g8889,,
g10711,,
g11312,,
g6479,,
g5849,1.0,1.0
g6656,1.0,1.0
g6906,,
g10717,,
g8770,,
g6392,0.74609375,0.74609375
g6621,,
g11610,,
g11604,,
g11486,,
g7581,1.0,1.0
g10799,,
g6439,1.0,1.0
g7133,,
g8044,1.0,1.0
g8254,1.0,1.0
g11607,,
g6193,1.0,1.0
g4904,,
g11292,1.0,1.0
g6822,1.0,1.0
g6912,,
g6898,,
g5421,0.4962158203125,0.4962158203125
g6924,,
g11310,,
g11294,,
g6026,,
g8024,1.0,1.0
g8945,,
g6525,,
g5083,1.0,1.0
g7541,,
g10860,,
g11579,,
g11639,1.0,1.0
g6826,1.0,1.0
g7626,,
g6829,1.0,1.0
g7660,,
g10722,0.10171274038461539,0.033935546875
g8887,,
g11484,,
g6002,,
g11606,,
g6757,1.0,1.0
g6216,1.0,1.0
g8941,,
g4892,,
g6930,,
g8250,1.0,1.0
g6049,,
g8943,,
g10861,,
g8779,,
g6180,1.0,1.0
g8774,,
g8260,1.0,1.0
g6099,,
g6831,1.0,1.0
g6068,,
g7137,,
g6545,,
g7257,,
g6909,,
g8384,1.0,1.0
g11392,1.0,1.0
g6506,,
g8883,,
g6728,1.0,1.0
g10724,0.11558948863636363,0.03173828125
g4556,,
DFF_121_n1,,
DFF_122_n1,,
DFF_126_n1,,
DFF_136_n1,,
DFF_157_n1,,
DFF_168_n1,,
DFF_194_n1,,
DFF_228_n1,,
g8271,,
DFF_242_n1,,
DFF_275_n1,,
DFF_311_n1,,
DFF_319_n1,,
DFF_330_n1,,
DFF_336_n1,,
DFF_350_n1,,
DFF_384_n1,,
DFF_385_n1,,
DFF_436_n1,,
DFF_441_n1,,
DFF_445_n1,,
DFF_452_n1,,
DFF_489_n1,,
n517,0.750732421875,0.750732421875
n518,1.0,1.0
n519,1.0,1.0
n520,1.0,1.0
n521,1.0,1.0
n522,,
n524,,
n526,,
n527,,
n528,0.10887044270833333,0.016357421875
n529,1.0,1.0
n530,0.11448160807291667,0.0211181640625
n532,0.11680385044642858,0.0179443359375
n533,1.0,1.0
n534,0.12469951923076923,0.016845703125
n535,0.11727469308035714,0.0186767578125
n536,1.0,1.0
n537,1.0,1.0
n538,0.750732421875,0.750732421875
n539,0.750732421875,0.750732421875
n540,1.0,1.0
n542,0.002894810267857143,0.0009765625
n544,0.08970424107142858,0.0281982421875
n545,0.09162248883928571,0.02880859375
n546,0.10105543870192307,0.034423828125
n547,0.11558948863636363,0.03173828125
n548,0.10471413352272728,0.02685546875
n549,1.0,1.0
n550,1.0,1.0
n551,0.01165771484375,0.0137939453125
n552,0.009255149147727272,0.010498046875
n553,1.0,1.0
n554,1.0,1.0
n555,1.0,1.0
n556,1.0,1.0
n557,1.0,1.0
n560,1.0,1.0
n561,1.0,1.0
n562,1.0,1.0
n563,1.0,1.0
n564,1.0,1.0
n565,1.0,1.0
n566,1.0,1.0
n567,1.0,1.0
n568,1.0,1.0
n569,1.0,1.0
n572,0.004448784722222222,0.0048828125
n573,0.03843858506944445,0.052001953125
n574,0.1120334201388889,0.062744140625
n575,0.003960503472222222,0.00390625
n576,0.003716362847222222,0.00390625
n577,0.03333875868055555,0.050537109375
n578,0.003662109375,0.00390625
n579,0.004123263888888889,0.00439453125
n580,0.003879123263888889,0.00390625
n581,0.003662109375,0.00341796875
n583,0.4976806640625,0.4976806640625
n592,1.0,1.0
n594,1.0,1.0
n595,,
n596,,
n597,,
n598,,
n599,,
n600,,
n602,,
n603,,
n604,,
n605,,
n606,,
n607,,
n609,,
n610,,
n611,,
n612,,
n614,,
n616,,
n617,,
n619,,
n620,,
n621,,
n622,,
n623,,
n624,,
n625,,
n627,,
n629,,
n630,,
n631,,
n632,,
n633,,
n634,,
n643,,
n644,,
n645,,
n646,,
n647,,
n648,,
n649,,
n650,,
n651,,
n661,,
n662,,
n665,,
n667,,
n668,,
n674,,
n675,,
n685,,
n687,,
n711,,
n712,,
n713,,
n715,,
n717,,
n718,,
n719,,
n720,,
n721,,
n725,,
n744,,
n793,0.002894810267857143,0.0009765625
n794,1.0,1.0
n795,0.06240234375,0.0625
n796,0.09049479166666667,0.0902099609375
n797,0.064111328125,0.064453125
n798,0.09541829427083333,0.0921630859375
n799,0.508056640625,0.508056640625
n800,,
n801,,
n802,,
n803,,
n804,,
n805,,
n806,,
n807,,
n808,,
n809,,
n810,,
n811,,
n812,,
n813,,
n814,,
n815,,
n816,,
n817,,
n818,,
n819,,
n820,,
n821,,
n822,,
n823,,
n824,,
n825,,
n826,,
n827,,
n828,,
n829,,
n830,,
n831,,
n832,,
n833,,
n834,,
n835,,
n836,,
n837,,
n838,,
n839,,
n840,,
n841,,
n842,0.30535888671875,0.24462890625
n843,,
n844,,
n845,,
n846,,
n847,,
n848,,
n849,,
n850,,
n851,,
n852,,
n853,,
n854,,
n855,,
n856,,
n857,,
n858,,
n859,,
n860,,
n861,,
n862,,
n863,,
n864,,
n865,,
n866,,
n867,,
n868,,
n869,,
n870,,
n871,,
n872,,
n873,,
n874,,
n875,,
n876,,
n877,,
n878,,
n879,,
n880,,
n881,,
n882,,
n883,,
n884,,
n885,,
n886,,
n887,,
n888,,
n889,,
n890,,
n891,,
n892,,
n893,,
n894,,
n895,,
n896,,
n897,,
n898,,
n899,,
n900,,
n901,,
n902,,
n903,,
n904,,
n905,,
n906,,
n907,,
n908,,
n909,,
n910,,
n911,,
n912,,
n913,,
n914,,
n915,,
n916,,
n917,,
n918,,
n919,,
n920,,
n921,,
n922,,
n923,,
n924,,
n925,,
n926,,
n927,,
n928,,
n929,,
n930,,
n931,,
n932,,
n933,,
n934,,
n935,,
n936,,
n937,,
n938,,
n939,,
n940,,
n941,,
n942,,
n943,,
n944,,
n945,,
n946,,
n947,,
n948,,
n949,,
n950,,
n951,,
n952,,
n953,,
n954,,
n955,,
n956,,
n957,,
n958,,
n959,,
n960,,
n961,,
n962,,
n963,,
n964,,
n965,,
n966,,
n967,,
n968,1.0,1.0
n969,,
n970,,
n971,,
n972,,
n973,,
n974,1.0,1.0
n975,1.0,1.0
n976,,
n977,,
n978,,
n979,,
n980,,
n981,1.0,1.0
n982,1.0,1.0
n983,,
n984,,
n985,,
n986,,
n987,,
n988,,
n989,1.0,1.0
n990,1.0,1.0
n991,,
n992,,
n993,,
n994,,
n995,1.0,1.0
n996,1.0,1.0
n997,,
n998,,
n999,,
n1000,,
n1001,1.0,1.0
n1002,1.0,1.0
n1003,,
n1004,,
n1005,,
n1006,,
n1007,1.0,1.0
n1008,1.0,1.0
n1009,,
n1010,,
n1011,,
n1012,1.0,1.0
n1013,1.0,1.0
n1014,,
n1015,,
n1016,,
n1017,,
n1018,,
n1019,,
n1020,,
n1021,,
n1022,,
n1023,,
n1024,,
n1025,,
n1026,,
n1027,,
n1028,,
n1029,,
n1030,,
n1031,,
n1032,,
n1033,,
n1034,,
n1035,,
n1036,,
n1037,,
n1038,,
n1039,,
n1040,0.74609375,0.74609375
n1041,,
n1042,1.0,1.0
n1043,,
n1044,,
n1045,,
n1046,1.0,1.0
n1047,,
n1048,,
n1049,1.0,1.0
n1050,,
n1051,,
n1052,,
n1053,,
n1054,1.0,1.0
n1055,,
n1056,,
n1057,,
n1058,1.0,1.0
n1059,1.0,1.0
n1060,,
n1061,,
n1062,,
n1063,,
n1064,,
n1065,,
n1066,,
n1067,,
n1068,,
n1069,,
n1070,,
n1071,,
n1072,,
n1073,,
n1074,,
n1075,,
n1076,,
n1077,,
n1078,,
n1079,,
n1080,,
n1081,,
n1082,,
n1083,,
n1084,,
n1085,,
n1086,,
n1087,,
n1088,,
n1089,,
n1090,,
n1091,,
n1092,,
n1093,,
n1094,,
n1095,,
n1096,,
n1097,,
n1098,,
n1099,,
n1100,,
n1101,,
n1102,,
n1103,1.0,1.0
n1104,,
n1105,,
n1106,,
n1107,1.0,1.0
n1108,,
n1109,1.0,1.0
n1110,,
n1111,,
n1112,1.0,1.0
n1113,1.0,1.0
n1114,,
n1115,,
n1116,1.0,1.0
n1117,,
n1118,,
n1119,,
n1120,0.748779296875,0.748779296875
n1122,,
n1123,,
n1124,,
n1125,,
n1126,,
n1127,,
n1128,,
n1129,,
n1130,,
n1131,,
n1132,0.5023193359375,0.5023193359375
n1133,,
n1134,,
n1135,,
n1136,0.5023193359375,0.5023193359375
n1137,1.0,1.0
n1138,,
n1139,1.0,1.0
n1140,,
n1141,,
n1142,0.750732421875,0.750732421875
n1143,,
n1144,,
n1145,1.0,1.0
n1146,,
n1147,,
n1148,,
n1149,,
n1150,,
n1151,,
n1152,,
n1153,,
n1154,0.5023193359375,0.5023193359375
n1155,,
n1156,,
n1157,,
n1158,0.5023193359375,0.5023193359375
n1159,1.0,1.0
n1160,,
n1161,0.5037841796875,0.5037841796875
n1162,,
n1163,,
n1164,,
n1165,1.0,1.0
n1166,1.0,1.0
n1167,0.750732421875,0.750732421875
n1168,,
n1169,0.750732421875,0.750732421875
n1170,,
n1171,1.0,1.0
n1172,,
n1173,0.750732421875,0.750732421875
n1174,,
n1175,1.0,1.0
n1176,,
n1177,,
n1178,,
n1179,,
n1180,,
n1181,0.4853515625,0.4853515625
n1182,,
n1183,1.0,1.0
n1184,,
n1185,,
n1186,1.0,1.0
n1187,,
n1188,,
n1189,,
n1190,,
n1191,,
n1192,,
n1193,,
n1195,0.5023193359375,0.5023193359375
n1196,,
n1197,,
n1198,1.0,1.0
n1199,,
n1200,,
n1201,,
n1202,,
n1203,,
n1204,,
n1205,,
n1206,,
n1207,,
n1208,,
n1209,,
n1210,,
n1211,,
n1212,1.0,1.0
n1213,,
n1214,,
n1215,,
n1216,1.0,1.0
n1217,,
n1218,1.0,1.0
n1219,,
n1220,,
n1221,,
n1222,0.01165771484375,0.0137939453125
n1223,,
n1224,1.0,1.0
n1225,1.0,1.0
n1226,1.0,1.0
n1227,1.0,1.0
n1228,,
n1229,,
n1230,,
n1231,,
n1232,,
n1233,,
n1234,,
n1235,,
n1236,1.0,1.0
n1237,,
n1238,,
n1239,1.0,1.0
n1240,,
n1241,,
n1243,,
n1244,,
n1245,,
n1246,,
n1247,,
n1248,,
n1249,,
n1250,,
n1251,,
n1252,,
n1253,,
n1254,,
n1255,1.0,1.0
n1256,,
n1257,,
n1258,,
n1259,,
n1260,,
n1261,,
n1262,,
n1263,,
n1264,,
n1265,,
n1266,,
n1267,,
n1268,,
n1269,,
n1270,,
n1271,,
n1272,,
n1273,,
n1274,,
n1275,,
n1276,,
n1277,,
n1278,,
n1279,,
n1280,,
n1281,,
n1282,,
n1283,,
n1284,,
n1285,,
n1286,,
n1287,,
n1288,1.0,1.0
n1289,,
n1290,0.09916178385416667,0.0308837890625
n1291,0.004231770833333333,0.004150390625
n1292,,
n1293,,
n1294,,
n1295,,
n1296,,
n1297,,
n1298,,
n1299,,
n1300,,
n1301,,
n1302,,
n1303,,
n1304,,
n1305,,
n1306,,
n1307,,
n1308,,
n1309,,
n1310,,
n1311,,
n1312,,
n1313,,
n1314,,
n1315,,
n1316,,
n1317,,
n1318,,
n1319,,
n1320,,
n1321,,
n1322,,
n1323,,
n1324,,
n1325,,
n1326,,
n1328,,
n1329,,
n1330,,
n1331,,
n1332,0.003879123263888889,0.00390625
n1333,,
n1334,1.0,1.0
n1335,,
n1336,,
n1337,,
n1338,,
n1339,,
n1340,,
n1341,,
n1342,,
n1343,,
n1344,,
n1345,1.0,1.0
n1346,,
n1347,,
n1348,,
n1349,,
n1350,,
n1351,,
n1352,1.0,1.0
n1353,,
n1354,,
n1355,,
n1356,,
n1357,,
n1358,,
n1359,,
n1360,,
n1361,1.0,1.0
n1362,1.0,1.0
n1363,1.0,1.0
n1364,,
n1365,,
n1366,,
n1367,,
n1368,,
n1369,,
n1370,,
n1371,,
n1372,,
n1373,,
n1374,,
n1375,,
n1376,,
n1377,,
n1378,,
n1379,,
n1380,,
n1381,,
n1382,0.121826171875,0.025146484375
n1383,,
n1384,1.0,1.0
n1385,,
n1386,,
n1387,,
n1388,,
n1389,,
n1390,,
n1391,0.07947495404411764,0.00634765625
n1392,0.06801470588235294,0.01171875
n1393,0.003879123263888889,0.00390625
n1394,,
n1395,0.09126790364583333,0.091796875
n1396,0.50390625,0.50390625
n1397,,
n1398,,
n1399,,
n1402,,
n1403,0.085693359375,0.013916015625
n1404,,
n1405,,
n1406,,
n1407,,
n1408,,
n1409,,
n1410,,
n1411,,
n1412,,
n1413,0.050374348958333336,0.012451171875
n1414,0.10887044270833333,0.016357421875
n1415,0.10479266826923077,0.016845703125
n1416,1.0,1.0
n1417,,
n1418,0.09197591145833334,0.012451171875
n1419,,
n1420,,
n1421,,
n1422,,
n1423,,
n1424,,
n1425,,
n1426,,
n1427,,
n1428,,
n1429,,
n1430,,
n1431,,
n1432,,
n1433,,
n1434,,
n1436,,
n1437,,
n1438,,
n1439,,
n1440,0.097198486328125,0.0050048828125
n1441,,
n1442,,
n1443,,
n1444,0.11727469308035714,0.0186767578125
n1445,0.12469951923076923,0.016845703125
n1446,0.12032376802884616,0.01220703125
n1447,0.11680385044642858,0.0179443359375
n1448,0.09185791015625,0.0211181640625
n1449,0.00922100360576923,0.011962890625
n1450,1.0,1.0
n1451,1.0,1.0
n1452,,
n1453,,
n1454,0.0031331380208333335,0.003173828125
n1455,0.11448160807291667,0.0211181640625
n1459,0.002894810267857143,0.0009765625
n1461,0.07122481496710527,0.025634765625
n1462,0.004308363970588236,0.004638671875
n1463,0.005295973557692308,0.0068359375
n1464,0.07205477627840909,0.0081787109375
n1465,0.08014787946428571,0.0079345703125
n1466,0.10316051136363637,0.02685546875
n1467,0.0824245876736111,0.0101318359375
n1468,0.11756727430555555,0.050537109375
n1469,0.0076171875,0.008544921875
n1470,0.03659396701388889,0.052734375
n1471,0.01201171875,0.012939453125
n1472,0.003879123263888889,0.00390625
n1473,0.03843858506944445,0.052001953125
n1474,0.003662109375,0.00341796875
n1475,0.005224609375,0.005615234375
n1476,0.004041883680555556,0.00390625
n1477,0.007758246527777778,0.008056640625
n1478,0.003662109375,0.00341796875
n1479,0.03333875868055555,0.050537109375
n1480,0.00439453125,0.00439453125
n1481,0.0033094618055555555,0.003173828125
n1482,0.003472222222222222,0.003662109375
n1483,0.003960503472222222,0.00390625
n1484,0.4976806640625,0.4976806640625
n1485,0.00439453125,0.00439453125
n1486,0.03333875868055555,0.050537109375
n1487,0.1069091796875,0.0284423828125
n1488,0.03333875868055555,0.050537109375
n1489,0.015899658203125,0.016357421875
n1490,0.112060546875,0.0303955078125
n1491,0.12432183159722222,0.037109375
n1492,0.043538411458333336,0.0439453125
n1493,0.0052490234375,0.0057373046875
n1494,0.004123263888888889,0.00439453125
n1495,0.003662109375,0.00390625
n1496,0.00811767578125,0.0084228515625
n1497,0.03333875868055555,0.050537109375
n1498,0.0056884765625,0.0054931640625
n1499,0.11756727430555555,0.050537109375
n1500,0.011013454861111112,0.010986328125
n1501,0.03843858506944445,0.052001953125
n1502,0.09151517427884616,0.035888671875
n1503,0.02392578125,0.033935546875
n1504,0.1044677734375,0.0433349609375
n1505,0.00771484375,0.0087890625
n1506,0.004177517361111111,0.004150390625
n1507,0.0035264756944444445,0.00341796875
n1508,0.0038248697916666665,0.00341796875
n1509,0.1120334201388889,0.062744140625
n1510,0.0224853515625,0.0328369140625
n1511,0.004069010416666667,0.004150390625
n1512,0.03420681423611111,0.05615234375
n1513,0.011338975694444444,0.012451171875
n1514,0.11756727430555555,0.050537109375
n1515,0.011013454861111112,0.010986328125
n1516,0.03843858506944445,0.052001953125
n1517,0.09063251201923077,0.03564453125
n1518,0.0224609375,0.02685546875
n1519,0.1047607421875,0.0430908203125
n1520,0.0079833984375,0.0091552734375
n1521,0.0208740234375,0.0294189453125
n1522,0.011338975694444444,0.012451171875
n1523,0.03659396701388889,0.052734375
n1524,0.010877821180555556,0.01171875
n1525,0.11756727430555555,0.050537109375
n1526,0.08367047991071429,0.02734375
n1527,0.020182291666666668,0.018798828125
n1528,0.095947265625,0.027099609375
n1529,0.009223090277777778,0.0107421875
n1530,0.03347439236111111,0.050537109375
n1531,0.019819779829545456,0.029052734375
n1532,0.011013454861111112,0.010986328125
n1533,0.03659396701388889,0.052734375
n1534,0.0087158203125,0.009033203125
n1535,0.11756727430555555,0.050537109375
n1536,0.09097055288461539,0.03125
n1537,0.11333550347222222,0.064208984375
n1538,0.019997336647727272,0.023193359375
n1539,0.009223090277777778,0.0107421875
n1540,0.0205078125,0.03173828125
n1541,0.003662109375,0.00341796875
n1542,0.003662109375,0.00390625
n1543,0.010904947916666666,0.011474609375
n1544,0.062353515625,0.062744140625
n1545,0.13226318359375,0.131103515625
n1546,0.12041558159722222,0.043212890625
n1547,0.007781982421875,0.0081787109375
n1548,0.06103515625,0.063720703125
n1549,0.011013454861111112,0.010986328125
n1550,0.003960503472222222,0.00390625
n1551,0.0056884765625,0.005859375
n1552,0.003662109375,0.00341796875
n1553,0.008138020833333334,0.008056640625
n1554,0.1082763671875,0.0330810546875
n1555,0.0314453125,0.0284423828125
n1556,0.03333875868055555,0.050537109375
n1557,0.008110894097222222,0.0078125
n1558,0.008409288194444444,0.0087890625
n1559,0.007622612847222222,0.00732421875
n1560,0.11756727430555555,0.050537109375
n1561,0.009255149147727272,0.010498046875
n1562,0.008154296875,0.0089111328125
n1563,0.00517578125,0.0052490234375
n1564,0.003879123263888889,0.00390625
n1565,0.003716362847222222,0.00390625
n1566,0.03333875868055555,0.050537109375
n1567,0.00836181640625,0.0079345703125
n1568,0.003662109375,0.00341796875
n1569,0.49365234375,0.49365234375
n1570,0.0669921875,0.0673828125
n1571,0.0074462890625,0.0074462890625
n1572,0.03347439236111111,0.050537109375
n1573,0.012532552083333334,0.01416015625
n1574,0.06123046875,0.0634765625
n1575,0.12652587890625,0.1256103515625
n1576,0.12713623046875,0.12451171875
n1577,0.1259765625,0.1270751953125
n1578,0.49462890625,0.49462890625
n1579,0.004448784722222222,0.0048828125
n1580,0.50537109375,0.50537109375
n1581,0.00811767578125,0.0084228515625
n1583,0.502197265625,0.502197265625
n1585,0.003607855902777778,0.00341796875
n1586,0.0035536024305555555,0.003662109375
n1587,0.003987630208333333,0.00390625
n1588,0.003960503472222222,0.004150390625
n1590,,
n1591,,
n1592,1.0,1.0
n1593,,
n1594,,
n1595,,
n1596,,
n1597,,
n1598,,
n1599,,
n1600,,
n1601,,
n1602,,
n1603,,
n1604,,
n1605,,
n1606,,
n1607,,
n1608,,
n1609,,
n1610,,
n1611,,
n1612,,
n1613,,
n1614,,
n1615,,
n1616,,
n1617,,
n1618,,
n1619,,
n1620,,
n1621,,
n1622,,
n1623,,
n1624,,
n1625,,
n1626,,
n1627,,
n1628,,
n1629,,
n1630,,
n1631,,
n1632,,
n1633,,
n1634,,
n1635,,
n1636,,
n1637,,
n1638,,
n1639,,
n1640,,
n1641,,
n1642,,
n1643,,
n1644,,
n1645,,
n1646,,
n1647,,
n1648,,
n1649,,
n1650,,
n1651,,
n1652,,
n1653,,
n1654,,
n1655,,
n1656,,
n1657,,
n1658,,
n1659,,
n1660,,
n1661,,
n1662,,
n1663,,
n1664,,
n1665,,
n1666,,
n1667,,
n1668,,
n1669,,
n1670,,
n1671,,
n1672,,
n1673,,
n1674,,
n1675,,
n1676,,
n1677,,
n1678,,
n1679,,
n1680,,
n1681,,
n1682,,
n1683,,
n1684,,
n1685,,
n1686,,
n1687,,
n1688,,
n1689,,
n1690,,
n1691,,
n1692,,
n1693,,
n1694,,
n1695,,
n1696,,
n1697,,
n1698,,
n1699,,
n1700,,
n1701,,
n1702,,
n1703,,
n1704,,
n1705,,
n1706,,
n1707,,
n1708,,
n1709,,
n1710,,
n1711,,
n1712,,
n1713,,
n1714,,
n1715,,
n1716,,
n1717,,
n1718,,
n1719,,
n1720,,
n1721,,
n1722,,
n1723,1.0,1.0
n1724,1.0,1.0
n1725,1.0,1.0
n1727,1.0,1.0
n1729,1.0,1.0
n1731,1.0,1.0
n1733,1.0,1.0
n1735,1.0,1.0
n1737,1.0,1.0
n1739,1.0,1.0
n1741,1.0,1.0
n1743,1.0,1.0
n1745,1.0,1.0
n1747,1.0,1.0
n1749,1.0,1.0
n1751,1.0,1.0
n1753,1.0,1.0
n1755,1.0,1.0
n1757,1.0,1.0
n1759,1.0,1.0
n1761,1.0,1.0
n1763,1.0,1.0
n1765,1.0,1.0
n1767,1.0,1.0
n1769,1.0,1.0
n1771,1.0,1.0
n1773,1.0,1.0
n1775,1.0,1.0
n1777,1.0,1.0
n1779,1.0,1.0
n1781,1.0,1.0
n1783,1.0,1.0
n1785,1.0,1.0
n1787,1.0,1.0
n1789,1.0,1.0
n1791,1.0,1.0
n1793,1.0,1.0
n1795,1.0,1.0
n1797,1.0,1.0
n1799,1.0,1.0
n1801,1.0,1.0
n1803,1.0,1.0
n1805,1.0,1.0
n1807,1.0,1.0
n1809,1.0,1.0
n1811,1.0,1.0
n1813,1.0,1.0
n1815,1.0,1.0
n1817,1.0,1.0
n1819,1.0,1.0
n1821,1.0,1.0
n1823,1.0,1.0
n1825,1.0,1.0
n1827,1.0,1.0
n1829,1.0,1.0
n1831,1.0,1.0
n1833,1.0,1.0
n1835,1.0,1.0
n1837,1.0,1.0
n1839,1.0,1.0
n1841,1.0,1.0
n1843,1.0,1.0
n1845,1.0,1.0
n1847,1.0,1.0
n1849,1.0,1.0
n1851,1.0,1.0
n1853,1.0,1.0
n1854,1.0,1.0
n1855,1.0,1.0
n1856,1.0,1.0
n1857,,
n1858,0.07286879595588236,0.025634765625
n1859,0.003960503472222222,0.00390625
n1860,0.4976806640625,0.4976806640625
n1861,0.002894810267857143,0.0009765625
n1862,,
n1863,,
n1864,,
n1865,,
n1866,,
n1867,0.2539876302083333,0.252685546875
n1868,,
n1869,,
n1870,,
n1871,,
n1872,,
n1873,,
n1874,,
n1875,1.0,1.0
n1876,,
n1877,,
n1878,,
n1880,1.0,1.0
n1881,,
n1882,,
n1883,,
n1884,,
n1885,,
n1886,0.2539876302083333,0.252685546875
n1887,0.2539876302083333,0.252685546875
n1888,1.0,1.0
n1889,1.0,1.0
n1890,1.0,1.0
n1891,1.0,1.0
n1892,1.0,1.0
n1893,1.0,1.0
n1894,1.0,1.0
n1895,1.0,1.0
n1896,1.0,1.0
n1897,1.0,1.0
n1898,1.0,1.0
n1899,1.0,1.0
n1900,1.0,1.0
n1901,1.0,1.0
n1902,1.0,1.0
n1903,1.0,1.0
n1904,1.0,1.0
n1905,1.0,1.0
n1906,1.0,1.0
n1907,1.0,1.0
n1908,1.0,1.0
n1909,1.0,1.0
n1910,1.0,1.0
n1911,1.0,1.0
n1912,1.0,1.0
n1913,1.0,1.0
n1914,1.0,1.0
n1915,1.0,1.0
n1916,1.0,1.0
n1917,1.0,1.0
n1918,1.0,1.0
n1919,1.0,1.0
n1920,1.0,1.0
n1921,1.0,1.0
n1922,1.0,1.0
n1923,1.0,1.0
n1924,1.0,1.0
n1925,1.0,1.0
n1926,1.0,1.0
n1927,1.0,1.0
n1928,1.0,1.0
n1929,1.0,1.0
n1930,1.0,1.0
n1931,1.0,1.0
n1932,1.0,1.0
n1933,1.0,1.0
n1934,1.0,1.0
n1935,1.0,1.0
n1936,1.0,1.0
n1937,1.0,1.0
n1938,1.0,1.0
n1939,1.0,1.0
n1940,1.0,1.0
n1941,1.0,1.0
n1942,1.0,1.0
n1943,1.0,1.0
n1944,1.0,1.0
n1945,1.0,1.0
n1946,1.0,1.0
n1947,1.0,1.0
n1948,1.0,1.0
n1949,1.0,1.0
n1950,1.0,1.0
n1951,1.0,1.0
n1952,1.0,1.0
n1953,1.0,1.0
n1954,1.0,1.0
n1955,1.0,1.0
n1956,1.0,1.0
n1957,1.0,1.0
n1958,1.0,1.0
n1959,1.0,1.0
n1960,1.0,1.0
n1961,1.0,1.0
n1962,1.0,1.0
n1963,1.0,1.0
n1964,1.0,1.0
n1965,1.0,1.0
n1966,1.0,1.0
n1967,1.0,1.0
n1968,1.0,1.0
n1969,1.0,1.0
n1970,1.0,1.0
n1971,1.0,1.0
n1972,1.0,1.0
n1973,1.0,1.0
n1974,1.0,1.0
n1975,1.0,1.0
n1976,1.0,1.0
n1977,1.0,1.0
n1978,1.0,1.0
n1979,1.0,1.0
n1980,1.0,1.0
n1981,1.0,1.0
n1982,1.0,1.0
n1983,1.0,1.0
n1984,1.0,1.0
n1985,1.0,1.0
n1986,1.0,1.0
n1987,1.0,1.0
n1988,1.0,1.0
n3016,,
n3017,,
n3018,,
n3019,,
n3020,,
n3022,,
n3023,,
n3024,,
n3025,,
n3026,,
n3027,,
n3029,,
n3030,,
n3031,,
n3033,,
n3034,,
n3035,,
n3036,,
n3037,,
n3038,,
n3040,,
n3041,,
n3042,,
n3044,,
n3045,,
n3046,,
n3047,,
n3048,,
n3050,,
n3051,,
n3053,,
n3054,,
n3055,,
n3056,,
n3057,,
n3058,,
n3059,,
n3061,,
n3062,,
n3064,,
n3065,,
Tg1,,
Tg1_OUT1,,
Tg1_OUT1234,,
Tg1_OUT2,0.49853515625,0.49853515625
Tg1_OUT3,0.006333295036764706,0.00537109375
Tg1_OUT4,,
Tg1_OUT5,0.035552978515625,0.0054931640625
Tg1_OUT5678,0.035552978515625,0.0054931640625
Tg1_OUT6,,
Tg1_OUT7,,
Tg1_OUT8,,
Tg1_Trigger1,,
Tg2,,
Tg2_OUT1,,
Tg2_OUT1234,,
Tg2_OUT2,,
Tg2_OUT3,,
Tg2_OUT4,,
Tg2_OUT5,,
Tg2_OUT5678,,
Tg2_OUT6,,
Tg2_OUT7,,
Tg2_OUT8,,
Tg2_Trigger2,,
Trigger_select,,
